<?xml version="1.0" encoding="UTF-8"?>
<project-private xmlns="http://www.netbeans.org/ns/project-private/1">
    <editor-bookmarks xmlns="http://www.netbeans.org/ns/editor-bookmarks/2" lastBookmarkId="0"/>
    <open-files xmlns="http://www.netbeans.org/ns/projectui-open-files/2">
        <group>
            <file>file:/E:/Teacher_LMS/web/View_Assignment.jsp</file>
            <file>file:/E:/Teacher_LMS/web/Add_Questions.jsp</file>
            <file>file:/E:/Teacher_LMS/web/Question.jsp</file>
            <file>file:/E:/Teacher_LMS/web/Question_Signup.jsp</file>
            <file>file:/E:/Teacher_LMS/web/Edit_Assignments.jsp</file>
            <file>file:/E:/Teacher_LMS/web/Test_Signup.jsp</file>
            <file>file:/E:/Teacher_LMS/web/Display_Assi.jsp</file>
            <file>file:/E:/Teacher_LMS/web/Add_Ass_Quistion.jsp</file>
            <file>file:/E:/Teacher_LMS/web/Assignment.jsp</file>
            <file>file:/E:/Teacher_LMS/web/Login.jsp</file>
            <file>file:/E:/Teacher_LMS/web/Assi_Questions.jsp</file>
        </group>
    </open-files>
</project-private>
